{
    "frame_slot": 100,
    "max_iteration": 100,
    "change_threshold": 100,
    "max_no_change_iteration": 20,
    "r": 20,
    "model_list": [
        "yolov5x",
        "yolov5l",
        "yolov5m",
        "yolov5s",
        "yolov5n"
    ],
    "model_memory": {
        "yolov5x": 2048,
        "yolov5l": 1792,
        "yolov5m": 2048,
        "yolov5s": 2560,
        "yolov5n": 1280
    },
    "model_cost": {
        "yolov5x": 9.322,
        "yolov5l": 5.117,
        "yolov5m": 2.540,
        "yolov5s": 1.058,
        "yolov5n": 0.558
    },
    "model_accuracy_to_frame_rate": {
        "yolov5x": {
            "accuracy": [1,0.978900055,0.941681885,0.913436964,0.86808855,0.831459655,0.769886665,0.73111552,0.668260519,0.629295741,
                        0.585505462,0.55750944,0.524892326,0.488905487,0.464679106,0.458638941,0.414546609,0.411407155,0.392514136,0.361332117,
                        0.360190325,0.366670926,0.360164016,0.34589179,0.31115561,0.31292847,0.312876712,0.313301295,0.308907859,0.312009666],
            "frame_rate": [1, 2, 3, 4, 5,6,7,8,9,10,11,12,13,14,15,16,17,18,19,20,21,22,23,24,25,26,27,28,29,30]
        },
        "yolov5l": {
            "accuracy": [0.9022784810126582, 0.8883651032191726, 0.8591497930772036, 0.8358526854545165, 0.7951573696001016, 0.7593706025329412, 
                        0.7014860351420689, 0.6657544390605129, 0.6091731890359777, 0.5721306736050882, 0.5339515210671872, 0.5075191032471447, 
                        0.4732909850903466, 0.4426213238942737, 0.4245483091390336, 0.4200281387072747, 0.378451290591174, 0.3772658672902465, 
                        0.3640717359634288, 0.3320360576123474,  0.32917017337148624, 0.33625489965176725, 0.32937434439819985, 0.31450636752646743,
                        0.28434477445861506, 0.2834440268410304, 0.2820573999590974, 0.2865029833344763, 0.2857435162923935, 0.2865389839717468],
            "frame_rate": [1, 2, 3, 4, 5,6,7,8,9,10,11,12,13,14,15,16,17,18,19,20,21,22,23,24,25,26,27,28,29,30]
        },
        "yolov5m": {
            "accuracy": [0.8888288660449005, 0.8697172465311441, 0.839866263333864, 0.8151800960725172, 0.7789302614597772, 0.7425247834958788, 
                        0.6884757883156175, 0.6528290880808867, 0.5971199688645282, 0.5613266078996987, 0.5149716266823661, 0.5012268132299539, 
                        0.461951951456791, 0.4341538819540249, 0.4170226804123712, 0.4105669417088102, 0.3721210095269931, 0.3700081771606896, 
                        0.3544099608488901, 0.321285140562249, 0.32038408222605397, 0.3205295765085292, 0.3231445494815091, 0.31190991176571564, 
                        0.2844759653270292, 0.27666311043810443, 0.2764853441462493, 0.27763584892632737, 0.27435387673956263, 0.2808933171821951],
            "frame_rate": [1, 2, 3, 4, 5,6,7,8,9,10,11,12,13,14,15,16,17,18,19,20,21,22,23,24,25,26,27,28,29,30]
        },
        "yolov5s": {
            "accuracy": [0.7802574052288729, 0.7640082230773285, 0.7333286437816545, 0.7087844271255773, 0.6730227976358009, 0.6371509022969167, 
                        0.5885847655421176, 0.5542851036546271, 0.5053136662519994, 0.471474245115453, 0.4396840464974655, 0.4116059864728738, 
                        0.39080748011750377, 0.3637279053458724, 0.3490627487877252, 0.34572524495991563, 0.3088542793279977, 0.3098611993105325,
                        0.2945510248741703, 0.2706464753484464, 0.2717940302317525, 0.27793754006777177, 0.2723373052245646, 0.2619502513401718, 
                        0.2370150911952597, 0.2385033058767037, 0.23860190749214405, 0.2373987316250596, 0.23704632172678844, 0.240711032435323],
            "frame_rate": [1, 2, 3, 4, 5,6,7,8,9,10,11,12,13,14,15,16,17,18,19,20,21,22,23,24,25,26,27,28,29,30]
        },
        "yolov5n": {
            "accuracy": [0.6329598358715379, 0.6176093432500148, 0.5898701196162803, 0.5658810503005379, 0.5303096207837399, 0.5039410623044323, 
                        0.4544986331761817, 0.422470747432938, 0.3893339710630157, 0.3610058149919623, 0.3348302496856476, 0.3169818873211248, 
                        0.29636173801301097, 0.2797823825906073, 0.26080100276974705, 0.25768584670808964, 0.2337804211931784, 0.2374886075949367, 
                        0.2281480275210683, 0.20846905537459284, 0.20813054102631415, 0.2111513278295173, 0.2154416860299213, 0.20414213365174785, 
                        0.18322205382378245, 0.18667704216411032, 0.1868002117177639, 0.18785227388340625, 0.18410757946210268, 0.18631124214319356],
            "frame_rate": [1, 2, 3, 4, 5,6,7,8,9,10,11,12,13,14,15,16,17,18,19,20,21,22,23,24,25,26,27,28,29,30]
        }
    }
}